9441,18854,2680,9305,2007,160,2751,179,638,279,132,45,0
9355,18722,2125,9483,2027,129,2192,125,653,209,119,20,1
10198,20464,1961,10260,2268,102,1948,87,780,219,117,25,0
7397,15000,1559,7388,1369,79,1581,75,425,112,64,12,0
9759,19417,3256,9763,2229,169,3284,284,742,375,198,53,3
9865,19636,2201,9913,2179,119,2199,121,720,233,110,30,0
8948,18253,1673,9061,1906,70,1682,68,603,174,85,12,0
10107,20631,3457,10114,2486,194,3415,259,792,407,222,64,1
9740,19797,3214,9864,2247,186,3126,247,747,378,185,53,2
10990,22242,2435,11307,2642,146,2520,123,879,302,153,27,1
9565,19289,2337,9605,2147,131,2271,129,692,258,132,36,1
9049,18342,2214,9203,1881,128,2318,132,652,235,127,36,1
10308,20621,2501,10436,2342,141,2518,153,802,300,121,31,0
9994,19784,2628,9942,2301,164,2650,178,719,293,158,31,0
10148,20276,2424,10256,2330,158,2380,141,771,293,133,23,0
10423,20971,1916,10514,2456,114,1947,96,846,255,123,10,1
11177,22003,1828,11000,2669,85,1912,69,904,228,105,14,0
9647,19237,1447,9685,2103,70,1470,47,694,150,78,9,0
10675,21198,2490,10720,2504,140,2583,137,823,327,142,40,1
9969,19936,1762,9836,2145,92,1714,68,740,206,120,17,0
9565,19264,2010,9774,2118,104,1997,122,653,221,101,21,0
9323,18571,2766,9344,1931,147,2787,185,661,281,135,32,1
9122,18069,2274,9066,1956,129,2293,134,650,245,125,30,1
9878,19820,2074,10075,2214,110,2119,103,772,238,106,19,0
10348,20437,2831,10413,2357,192,3051,190,773,324,177,46,0
9042,17816,2078,8879,1897,105,2107,123,676,244,113,22,0
9103,18244,1989,9254,1868,106,2049,103,626,219,94,17,0
10747,21218,1962,10753,2492,105,1996,86,857,241,96,30,1
10031,19810,2434,10068,2237,131,2532,132,713,308,152,35,0
9691,19206,2761,9504,2066,157,2737,193,743,266,159,42,3
10379,20981,2585,10424,2399,157,2476,149,833,319,134,39,1
10176,20241,2858,10222,2290,174,2745,178,827,304,153,33,0
8928,17795,2252,9087,1863,85,2204,152,645,248,139,18,0
8667,17418,1795,8539,1735,82,1781,93,582,187,109,23,0
10657,21133,3900,10701,2625,230,3836,355,860,496,214,69,1
10973,22191,1960,11247,2781,110,2038,98,931,268,120,25,3
10608,21004,1783,10583,2491,97,1799,80,819,243,110,18,0
9045,18210,2361,9132,1970,135,2343,166,623,258,139,34,3
10382,20749,2118,10362,2367,117,2072,104,818,236,105,29,0
10414,20984,1566,10578,2518,84,1514,53,826,152,86,15,0
10274,20789,2333,10410,2431,140,2389,129,830,277,132,34,2
9398,18828,1927,9724,1953,78,1826,76,711,208,93,24,1
10345,20960,1939,10489,2366,134,1935,80,794,218,110,14,1
9343,18442,2659,9359,1989,147,2491,176,674,264,121,42,1
10713,21419,1836,10624,2488,95,1802,66,806,239,101,21,0
10591,21344,1818,10550,2422,118,1771,79,786,211,105,19,0
10774,21137,2758,10297,2477,171,2631,166,859,284,149,42,1
10650,21151,2413,10419,2474,114,2406,119,875,311,142,29,2
8600,16377,2465,8228,1684,118,2500,172,495,249,120,34,2
10358,20782,2155,10487,2361,118,2142,103,809,242,104,22,0
10335,20653,2483,10246,2434,154,2530,137,769,283,162,30,0
10223,20053,1644,10072,2352,86,1679,58,755,178,98,17,0
9223,18397,2529,8943,2037,134,2547,171,675,255,136,42,2
10461,21148,1830,10535,2475,108,1796,74,783,210,111,13,0
9218,18282,2734,9307,2019,133,2607,189,627,297,132,40,0
9381,18919,3161,9371,2097,170,3087,237,698,340,172,50,3
9759,19428,2171,9754,2164,117,2205,122,703,240,120,20,0
9847,19409,2863,9633,2080,167,2866,207,725,328,142,43,2
9141,18614,2517,9239,1986,175,2523,164,645,271,126,54,1
8290,16645,2659,8283,1611,125,2594,193,578,246,126,37,1
9937,19615,2297,9854,2195,113,2376,142,713,254,121,25,0
9655,18978,2612,9819,2058,139,2552,177,666,297,138,37,1
9327,18770,2860,9355,1912,148,2873,197,669,330,137,37,0
10328,20647,2398,10317,2371,146,2346,117,829,257,129,34,1
9880,19924,1918,9976,2111,111,1968,81,751,208,111,20,2
8464,17150,2206,8684,1723,119,2101,142,593,263,116,28,0
9683,19507,2820,9672,2139,131,2771,187,737,324,155,32,1
10261,20585,1831,10226,2391,107,1753,77,787,183,106,11,0
9837,19769,2171,9766,2255,138,2247,119,734,255,120,20,0
10146,20452,1713,10133,2259,101,1602,48,777,206,95,12,0
9317,18810,2505,9219,2019,153,2591,162,657,264,131,42,0
10916,21947,2427,11122,2638,150,2442,141,846,322,145,26,0
10240,20515,1908,10197,2345,116,1984,110,776,222,98,15,0
10806,21452,1944,10649,2499,96,2036,98,846,249,114,23,0
10874,21087,1138,10772,2447,53,1270,29,803,141,94,9,0
8595,17293,1827,8797,1807,86,1769,82,588,175,97,15,1
9919,19733,2048,9881,2200,99,2018,101,722,206,100,27,0
9923,19589,2746,9929,2194,142,2798,189,725,302,163,35,1
10945,21829,2152,10912,2544,147,2209,83,868,265,106,24,0
10600,20836,3027,10503,2444,168,2963,211,821,342,177,42,1
9780,19317,1880,9788,2087,100,1851,89,666,203,97,23,0
10596,21211,1644,10573,2390,95,1648,48,831,193,104,11,0
9580,19330,2669,9564,2114,149,2784,184,665,313,158,43,1
9727,19791,2341,9861,2183,136,2377,128,722,250,118,38,0
9820,18952,1886,9759,2076,105,1914,72,683,198,114,24,0
9349,18813,1570,9428,2055,91,1550,63,682,144,91,19,0
9270,18625,3457,9386,1969,160,3309,298,686,374,199,55,1
10185,20334,2306,10475,2382,132,2400,129,763,290,125,29,1
9928,19807,1330,9833,2149,66,1354,43,683,157,77,11,0
10581,21231,2410,10862,2559,145,2357,120,811,278,142,26,0
10090,20424,1925,10256,2239,119,1950,88,786,205,118,16,0
9783,19203,1728,9448,2138,91,1736,82,751,180,93,14,0
9168,18456,2058,9397,1994,124,2118,120,640,239,98,26,0
9819,19727,2151,9794,2212,126,2145,103,691,225,136,22,0
8245,16673,2501,8281,1687,108,2468,171,599,261,119,32,0
10679,21472,3015,10743,2529,182,3014,207,806,368,179,60,0
9385,18700,2534,9231,2038,134,2579,175,653,262,129,41,0
8773,17367,1862,8877,1760,107,1964,100,562,206,102,18,0
11184,22746,1959,11315,2844,113,1967,77,917,273,121,24,0
9703,19587,2473,9794,2158,126,2490,142,781,283,130,35,0
11439,22950,2486,11532,2869,161,2566,131,988,305,148,39,1
10959,22282,2286,11168,2658,140,2382,112,875,285,134,33,1
9970,19951,2680,9972,2286,147,2651,182,717,292,132,33,1
9541,19166,2778,9527,2160,154,2773,211,668,275,142,38,2
10754,21980,3356,10672,2635,201,3365,238,859,407,180,50,2
10327,20694,2218,10306,2363,120,2266,118,840,240,134,32,1
9897,20105,1770,10162,2221,82,1785,78,729,187,108,16,0
11396,22890,2596,11394,2770,143,2651,148,980,323,169,29,0
10426,20792,2442,10317,2418,146,2364,130,754,264,148,36,1
10040,20336,2222,10071,2303,125,2218,130,750,262,124,26,0
9065,17842,1418,8784,1754,68,1424,59,618,135,61,14,0
9356,18400,2689,9450,1982,149,2669,188,640,312,143,46,1
11190,22470,2017,11273,2678,118,2047,98,881,249,114,21,0
7661,15244,1659,7433,1406,73,1750,85,457,145,91,14,0
8243,16423,2041,8258,1642,106,2013,115,522,188,98,20,1
8247,16746,2217,8394,1623,103,2097,137,546,262,104,27,2
9477,19107,2688,9533,2001,151,2722,188,719,295,154,37,1
10174,20411,2443,10207,2383,128,2398,125,780,256,149,19,1
10284,20691,2627,10396,2343,169,2624,153,784,313,144,42,0
10217,20514,2667,10150,2263,161,2761,169,795,314,151,36,0
9660,19621,2460,9702,2141,144,2456,148,718,261,139,38,0
10672,21540,2651,10640,2553,169,2760,168,881,313,146,38,3
10459,20537,1774,10491,2321,113,1779,91,787,183,98,17,0
10317,20506,2325,10291,2322,144,2398,142,759,276,128,24,0
10618,21257,1971,10608,2467,112,1993,86,800,224,102,15,1
9733,19178,1759,9720,2090,127,1645,70,658,185,78,22,0
10171,20318,2130,10023,2311,126,2054,85,719,257,109,21,0
10501,20759,2432,10551,2387,128,2375,133,774,282,149,29,0
9857,19818,2235,9730,2075,100,2233,108,702,262,122,25,2
9463,18868,1703,9489,1921,79,1697,77,665,187,87,13,0
8593,16939,2129,8477,1737,116,2226,147,599,234,116,36,1
10974,22202,2008,10901,2581,111,2058,83,935,262,104,23,0
9318,18864,2619,9507,1974,139,2550,168,673,287,153,44,1
9912,19669,1488,9885,2160,88,1516,47,720,167,80,14,0
9304,18772,2433,9498,2050,129,2421,136,696,245,125,33,0
9078,17931,2240,8963,1884,112,2240,135,623,234,112,34,0
9008,17935,2098,8996,1895,106,2101,110,619,203,108,22,1
9213,18572,1863,9369,1978,103,1853,78,670,198,82,20,1
10146,20308,2111,10167,2281,125,2021,104,790,227,130,31,0
10740,21764,2078,11004,2543,101,1953,95,815,225,101,24,0
10434,21023,2197,10438,2498,134,2293,124,770,268,140,18,0
9342,19159,2500,9446,2081,144,2612,172,707,291,147,34,0
9129,18310,2530,9289,1920,133,2605,155,652,269,134,34,0
10719,21476,2914,10557,2467,140,2852,191,802,337,159,53,1
10260,20806,1756,10133,2392,118,1839,69,785,229,101,26,0
8054,16385,1666,8256,1549,80,1780,101,517,165,83,19,0
9803,19561,2036,9765,2233,116,2027,98,734,217,111,27,1
10795,21352,2330,10697,2612,122,2288,106,789,262,155,26,0
9032,18165,2987,9232,1826,172,2902,220,665,323,157,67,1
10100,20318,1791,10105,2202,100,1810,62,747,202,88,17,0
8437,17000,2830,8682,1769,126,2909,229,581,314,167,49,0
9319,19047,2399,9553,2114,136,2421,147,686,256,128,30,1
9646,19455,2318,9715,2095,121,2386,128,727,237,118,30,0
9522,19119,1527,9655,2047,82,1598,63,701,179,80,14,0
9168,18192,1993,8934,1871,111,1989,129,597,203,109,26,0
9900,19804,2737,9857,2233,136,2695,200,735,332,178,47,0
9824,19403,2947,9733,2144,165,2947,226,757,306,145,43,3
9050,17849,2595,9011,1851,123,2500,156,616,246,139,42,0
9736,19502,2157,9689,2154,103,2193,123,718,232,115,29,0
9695,19407,2226,9627,2100,103,2180,121,732,214,129,23,1
10202,19090,1695,10335,2226,88,1833,78,651,175,107,15,0
9417,18941,2387,9381,2032,130,2425,148,701,285,124,29,2
11331,22616,2584,11129,2736,180,2665,156,889,311,171,34,1
10187,20633,1585,10231,2404,94,1678,63,818,196,106,15,2
10470,20682,1960,10362,2369,92,1939,79,782,232,122,27,1
10296,20218,1764,10119,2279,96,1785,80,777,206,89,19,0
8574,17247,1775,8843,1742,91,1837,82,599,218,87,13,0
10137,20497,1953,10298,2378,104,1901,102,731,231,96,26,2
8692,16808,1514,8389,1704,78,1419,54,553,146,70,8,0
10800,21740,2128,10711,2528,134,2154,109,889,256,115,19,1
8394,16659,2105,8628,1702,99,2183,135,548,216,97,22,0
9751,19098,2561,9628,2118,126,2643,177,734,315,157,31,1
9590,19312,2220,9733,2107,134,2214,106,659,227,112,32,1
9030,18199,1699,9046,1968,81,1747,68,585,161,96,16,0
9307,18899,1551,9469,2075,87,1635,71,669,154,88,4,0
10235,20565,1748,10201,2382,134,1804,67,780,199,104,22,0
9121,18482,2343,9161,1910,115,2388,152,622,270,147,38,1
10310,20550,3002,10135,2407,176,2921,199,810,353,176,54,0
8717,18021,2399,8796,1852,147,2307,164,628,245,125,31,1
9816,19346,1901,9750,2151,108,1891,87,702,207,106,20,0
8931,17975,2076,8848,1854,115,2118,119,581,195,113,24,0
10559,20933,2012,10447,2434,134,2184,115,787,265,118,29,0
9628,19071,2019,9487,2036,115,1987,117,676,228,97,20,0
7686,15871,1548,7821,1460,70,1597,79,468,129,82,11,0
10182,20563,2269,10129,2318,159,2390,132,772,252,130,35,1
9763,19510,2745,9590,2091,144,2780,191,717,338,138,35,1
8663,17502,2370,8753,1834,143,2320,139,584,233,110,30,0
10250,20713,3212,10274,2290,203,3241,255,811,376,205,47,1
8803,17915,1944,8995,1871,81,2003,94,622,190,109,20,1
9236,18799,2358,9336,1994,145,2410,159,682,298,114,36,1
9917,20081,1479,10151,2243,85,1482,49,779,191,83,13,0
10692,21478,2179,10795,2618,114,2114,111,862,250,127,18,0
11352,22706,2792,11448,2753,171,2812,159,981,334,175,49,0
8895,17792,1826,9307,1981,94,1836,86,625,195,101,21,0
10534,21088,1811,10536,2431,98,1816,68,864,204,116,20,0
10233,20201,2429,9965,2271,143,2556,147,799,283,137,33,2
9701,19708,1705,9573,2096,97,1742,80,708,197,91,13,0
9425,19007,2185,9296,2004,135,2145,120,690,202,118,34,0
11547,22656,2829,11375,2764,177,2821,179,964,328,187,33,3
10319,20826,2389,10371,2365,127,2472,144,794,267,123,22,0
9700,19325,1571,9689,2123,75,1633,72,682,187,81,16,0
10140,20392,2188,10125,2254,124,2218,114,800,261,148,30,0
10037,20161,1980,10130,2373,100,1946,84,786,227,99,20,1
9623,18875,2514,9599,2021,137,2345,149,676,293,139,27,0
8947,17899,2112,8969,1877,97,2100,122,589,227,115,29,0
10394,20708,2276,10218,2332,129,2263,120,791,261,126,32,1
10848,21631,2298,10996,2617,129,2266,122,885,244,131,32,0
9762,19281,1851,9673,1993,102,1922,104,729,222,100,17,0
9504,18894,2412,9377,2101,139,2474,153,680,232,151,33,1
9898,19798,2314,9930,2199,135,2314,144,747,241,136,25,0
9970,19979,1876,9889,2220,109,1975,82,748,231,107,28,0
11657,23317,1271,11764,2788,77,1286,26,938,157,71,9,0
9111,18191,1588,8944,1896,83,1495,47,607,168,76,13,0
9512,19251,2475,9420,2119,130,2427,145,667,290,127,29,1
8597,17257,2126,8696,1729,107,2244,142,543,227,118,25,1
8569,17203,1923,8539,1695,103,1967,104,577,181,112,16,0
10170,20249,2321,10091,2324,123,2375,116,709,281,127,41,1
10862,21558,2307,10581,2583,135,2239,105,855,290,145,20,1
8668,17484,2773,8769,1768,151,2768,212,612,287,146,39,2
9275,18302,2081,9207,1925,112,2141,134,698,219,101,26,1
10152,20192,1593,10161,2345,81,1613,54,756,195,88,15,0
9122,18380,2135,9027,1917,110,2050,116,654,221,122,31,0
8705,17130,1368,8456,1738,57,1371,45,599,128,57,8,0
10437,20847,1305,10365,2337,85,1387,35,789,148,86,13,0
11884,23556,1917,11816,2913,123,1946,70,1021,247,95,15,0
10233,20229,1673,10167,2228,85,1666,57,791,185,82,11,0
11216,22400,2111,11147,2639,129,2210,103,932,283,138,24,0
10659,20903,2572,10290,2464,137,2554,146,799,305,131,39,0
9751,19265,2288,9693,2117,141,2306,126,747,253,131,25,1
9880,19625,2039,9952,2301,105,2053,91,729,214,123,19,3
8699,17136,2179,8406,1711,106,2274,134,572,238,111,23,1
10416,20652,1796,10338,2410,108,1872,70,816,200,83,15,0
10475,20905,2391,10480,2435,130,2364,126,791,291,159,34,2
9126,18411,2576,9144,1947,138,2505,179,639,277,140,32,0
9638,19313,2339,9608,2085,103,2257,133,686,265,128,25,1
9269,18829,2979,9368,2041,137,3057,226,638,320,157,47,0
10702,21073,1605,10520,2457,83,1677,58,850,188,92,13,0
8164,16268,2093,8209,1594,100,2092,146,543,238,115,20,1
9977,20184,2176,10018,2192,111,2192,125,700,255,134,25,1
8948,17875,1877,8982,1899,102,1787,96,573,187,76,16,1
10324,20808,2288,10363,2526,148,2206,107,808,248,137,26,1
11172,22286,1907,11021,2764,109,1886,50,894,228,114,16,1
9570,19686,2453,9806,2160,144,2405,141,713,306,124,35,0
10571,21344,2676,10543,2415,165,2715,186,818,322,142,50,1
9555,19154,2146,9624,2102,119,2195,111,691,223,130,20,0
10288,20579,1929,10149,2360,113,1919,92,791,213,100,25,0
9781,19347,2635,9883,2191,141,2639,158,702,267,150,40,0
9459,18978,2909,9527,1985,152,3029,255,649,369,171,46,1
10027,20132,2782,10050,2335,158,2840,205,777,295,141,46,1
11044,22059,1850,11035,2671,98,1921,68,856,223,96,12,0
9202,18648,2144,9257,1935,115,2149,124,659,204,92,26,0
9925,19869,2660,9843,2201,142,2603,160,757,303,137,35,2
9723,19566,2507,9735,2222,119,2544,136,703,265,126,36,0
10516,20577,1577,10288,2398,85,1736,60,768,180,101,13,0
8252,16711,1741,8321,1644,82,1705,90,561,200,104,15,1
10085,20295,1955,10123,2265,114,1881,93,765,202,100,14,0
11200,22625,1902,11317,2741,100,1878,87,921,256,87,15,0
10418,20864,2101,10447,2413,116,2118,106,819,247,110,22,2
10769,21605,1561,11088,2536,103,1444,43,836,208,80,6,0
8729,17507,2203,8410,1719,102,2194,128,542,210,102,34,0
8350,17016,2025,8272,1735,94,2021,121,559,200,112,32,0
9922,19678,2873,9837,2215,180,2964,180,739,318,160,49,0
11149,21864,2519,10916,2629,167,2486,132,941,292,132,30,0
10082,20171,2605,9934,2226,146,2607,164,723,281,168,41,4
9400,18552,2725,9306,1869,125,2717,180,639,280,118,42,1
11069,21809,1661,10869,2560,108,1691,65,889,197,104,11,0
9954,20194,2255,10016,2275,123,2178,112,782,253,110,21,0
8921,18006,1996,8971,1890,96,2032,98,610,199,99,19,1
9231,18610,2239,9403,2011,110,2294,137,667,235,107,30,0
9671,19426,1866,9673,2135,120,1906,94,726,216,102,25,0
8566,17320,2009,8807,1748,100,2021,111,595,195,111,24,0
9045,18191,2162,9034,1937,123,2116,119,644,196,107,21,0
11556,23286,2827,11773,3049,189,2794,157,971,354,186,38,2
8796,17795,2572,8861,1800,133,2534,163,590,227,120,31,0
7958,16058,1830,8069,1507,87,1914,112,516,184,78,25,0
9077,18322,2155,9236,1902,112,2072,109,587,219,121,26,1
8835,17653,3183,8925,1818,180,3228,272,677,359,159,60,2
11621,23085,2560,11436,2874,161,2447,113,908,322,162,37,1
9981,20121,2548,9927,2297,160,2407,132,716,283,164,36,1
9579,18494,2227,9464,2108,150,2347,129,650,236,129,29,1
10832,21381,1662,10504,2429,103,1754,52,828,189,106,12,0
11391,22718,1876,11397,2721,108,1952,79,937,226,116,10,0
8737,17602,2278,8632,1803,109,2223,133,608,230,114,28,1
10306,20559,2659,10149,2398,176,2656,188,777,290,146,36,0
10216,20869,2138,10433,2306,131,2046,102,818,223,131,22,0
10986,21687,2144,11023,2540,139,2144,103,855,225,117,20,0
9209,18544,2695,9369,1959,125,2696,188,647,278,178,39,1
9373,18604,1984,9371,2044,128,2069,91,662,198,88,26,0
9888,19957,2202,9838,2214,121,2247,121,726,241,134,33,0
10388,20670,2820,10431,2323,158,2790,176,781,325,149,55,0
8983,17912,2277,9221,1825,118,2225,134,647,246,128,41,0
7961,16005,1822,7982,1516,94,1862,103,505,198,89,22,1
9113,18153,1970,9196,1915,108,2005,110,613,190,101,19,0
10062,19851,2035,10113,2167,111,2077,110,748,209,124,28,0
9559,19204,2358,9514,2020,131,2285,111,660,244,108,30,0
9606,19268,2489,9668,2100,145,2420,147,675,249,118,39,0
11118,21906,2917,11453,2736,181,3016,196,853,297,175,40,0
9185,18935,2431,9488,2029,132,2442,159,645,282,152,22,2
9630,19737,2318,9807,2101,124,2322,110,715,267,146,35,1
8407,16890,2314,8592,1628,109,2369,144,605,233,104,34,0
9574,18983,2511,9764,2072,138,2625,144,720,279,147,37,0
9900,19566,1626,9917,2164,77,1593,61,745,178,88,12,0
8816,17672,1502,8824,1815,78,1513,56,653,164,85,12,0
10586,21133,3629,10696,2452,206,3631,280,812,422,219,65,0
10489,20644,1920,10430,2437,117,1956,78,779,208,114,32,0
9072,17970,2495,9052,1949,124,2537,154,642,264,125,35,1
9511,19033,2168,9481,2078,133,2198,134,694,242,105,24,0
9583,19709,2631,9688,2108,136,2553,157,684,288,173,38,0
9060,18045,1824,8860,1788,91,1780,98,586,198,82,19,1
9614,19231,1994,9597,2083,119,2030,110,674,223,115,20,0
10132,20544,1418,10048,2393,83,1357,36,775,162,67,13,0
10789,21889,2293,10864,2558,160,2330,109,833,266,130,33,1
9060,18178,3110,9126,1947,171,3092,247,622,369,168,60,0
9841,19382,2103,9695,2125,125,2216,114,705,235,118,32,2
10512,20856,2261,10358,2438,112,2266,124,765,268,127,28,0
9383,18917,2695,9395,1999,155,2682,167,652,315,151,53,1
8868,18151,1979,9208,1945,107,1982,115,663,205,108,19,0
9976,20252,2356,10073,2223,126,2357,118,740,298,145,31,0
10023,19876,2481,10089,2346,155,2463,130,718,269,150,33,1
9493,19159,3141,9484,2096,186,3133,233,667,358,158,61,2
9355,18813,2401,9361,2029,128,2436,163,738,289,140,32,0
9253,18332,1702,9238,1918,105,1677,63,696,160,102,16,1
9862,19717,1816,10046,2250,93,1746,70,743,198,88,16,0
11194,22475,2306,11246,2698,156,2291,128,870,296,138,19,0
9456,19048,2774,9508,2132,141,2700,194,677,287,129,42,1
8808,17968,2525,8855,1786,131,2459,165,632,255,155,39,1
9509,18817,1939,9348,2056,91,1818,90,698,179,98,21,0
10421,20399,2401,10152,2399,143,2396,119,774,271,136,32,1
9981,19983,2560,9877,2190,158,2642,159,756,303,156,40,2
9282,18855,2147,9319,1958,121,2048,111,684,231,121,33,1
9359,18900,1905,9524,2009,97,1764,96,680,181,99,18,0
8752,17670,2135,8784,1809,130,2290,131,635,228,114,28,0
10184,20469,2380,10212,2336,132,2380,144,795,247,127,35,0
10073,20247,2340,10230,2292,153,2315,140,731,258,138,30,0
9993,20012,1491,10124,2268,84,1463,44,776,170,84,6,0
10649,21013,2401,10638,2470,144,2437,106,815,271,140,33,0
8968,18020,1443,9010,1805,77,1412,51,618,147,81,11,0
10112,20037,1812,10073,2262,98,1792,67,817,190,97,16,0
10480,20888,2512,10399,2379,131,2555,144,809,299,152,43,1
10005,20290,1910,10046,2325,106,1904,86,703,216,115,17,1
10491,21063,3029,10493,2546,180,2971,200,806,350,190,48,2
11944,23657,2205,11650,2999,135,2250,94,976,235,147,27,1
9279,18713,2405,9316,1962,134,2423,140,649,276,115,28,2
9726,19160,1782,9442,2001,104,1709,82,710,191,80,17,0
8733,17657,2073,8927,1757,96,2071,123,567,226,104,25,3
10430,20793,3370,10338,2375,210,3180,231,845,388,204,53,1
10516,21328,1365,10479,2486,86,1381,37,805,161,84,9,0
8036,16020,2398,7949,1532,126,2409,175,542,238,127,40,0
11318,22568,1767,11244,2764,104,1727,82,887,189,80,14,0
9336,18616,1721,9145,2072,80,1743,77,654,188,96,13,0
11841,23698,2935,11596,3003,198,2911,175,999,361,168,63,2
9713,18902,2165,9682,2063,109,2221,113,714,215,116,23,1
9000,18162,2280,9079,1896,125,2236,146,622,234,121,24,1
10115,20441,1825,10260,2313,107,1745,72,775,210,87,12,0
9068,18303,947,9173,1890,42,1018,21,586,113,68,1,0
8631,17325,2243,8683,1755,103,2292,134,617,219,100,22,2
11207,22104,1986,11141,2782,107,2012,93,979,228,143,15,0
9639,19165,1960,9533,2109,150,2032,117,677,203,118,13,1
8456,16998,2026,8522,1770,122,2126,122,548,188,85,26,0
9611,19226,2044,9567,2040,108,1948,105,672,235,110,23,0
11407,22896,1840,11335,2856,121,1893,78,943,230,113,17,0
10077,19965,2912,10026,2272,155,2868,223,724,320,183,43,0
9618,18736,2567,9310,2056,137,2621,166,680,283,125,39,2
10334,20415,2246,10266,2298,117,2225,116,757,238,106,29,0
9858,19672,2023,9998,2208,116,2032,103,748,223,116,19,0
9066,18023,2903,9060,1998,178,2755,204,589,291,120,44,1
9393,18764,1830,9354,2066,92,1845,85,666,214,92,21,0
8949,17987,2667,9086,1918,142,2677,173,599,275,145,43,0
9084,18396,1704,9083,1944,95,1663,69,665,169,91,19,1
9224,18611,2007,9356,1956,107,1994,92,645,236,88,17,0
9594,19172,2570,9638,2180,154,2600,172,665,273,134,41,0
9749,19488,2085,9599,2123,82,2079,96,719,211,128,29,0
9702,19581,2055,9716,2198,101,2074,105,710,239,118,20,0
10169,20251,1580,10099,2318,93,1595,61,776,215,81,14,1
8117,15852,1912,7964,1493,93,1817,104,486,176,87,11,0
8055,15985,1711,8208,1487,95,1762,86,513,162,90,18,0
9177,18525,2540,9259,1969,120,2548,163,717,276,131,43,0
9831,19691,1866,9859,2193,106,1926,88,731,191,110,18,0
8944,17974,1953,8987,1873,105,2019,111,618,188,95,21,0
8089,16270,2417,7945,1592,106,2455,161,474,251,117,35,0
9927,19851,2157,9838,2189,115,2201,114,657,245,123,26,0
9710,19408,2229,9666,2096,113,2102,122,716,247,123,29,0
10161,20381,2747,10003,2319,163,2738,195,786,336,151,50,1
10017,19468,2418,9804,2102,138,2523,139,766,243,137,29,0
10951,22035,1352,10837,2618,83,1397,50,888,174,77,8,0
9633,19617,1445,9816,2088,75,1480,48,692,149,78,11,0
9744,19561,2459,9586,2125,125,2410,151,656,282,148,33,1
9697,19723,2690,9885,2215,147,2651,163,758,288,151,37,0
10212,20336,2075,10055,2311,131,2114,105,779,263,127,15,0
11130,22833,1946,11314,2742,118,1852,80,919,254,108,20,0
10267,20667,1514,10518,2257,99,1493,54,766,175,82,12,0
9943,19948,2337,9908,2246,125,2311,148,737,274,127,32,0
10109,20058,1829,10085,2193,99,1768,74,734,235,102,11,0
8722,17373,1522,8500,1748,93,1479,61,575,137,81,14,0
9997,20200,2055,10038,2263,104,2064,95,744,223,132,25,0
10336,20672,2252,10257,2386,130,2230,118,823,241,149,23,0
10852,21412,2299,10596,2538,142,2332,110,884,259,126,25,1
10685,21219,1822,10575,2555,136,1825,67,840,219,104,17,1
10039,20202,2029,10043,2179,122,2080,105,730,238,110,17,0
9549,19087,1763,9650,2064,101,1756,68,717,161,106,17,0
9746,19722,2900,9832,2169,186,2866,206,768,317,175,51,0
9193,18335,2258,9079,2011,135,2303,133,646,198,123,25,0
10056,20147,2760,10079,2300,162,2866,175,782,348,140,46,1
8635,17796,2052,8998,1803,116,2089,117,566,223,112,25,1
9967,20155,2224,10025,2331,116,2236,107,791,245,116,30,0
8958,18240,1847,9230,1870,111,1809,95,637,174,104,19,0
10254,20367,2202,10480,2422,113,2235,121,758,259,120,21,0
8079,15983,1877,7965,1515,70,1881,96,517,191,101,24,0
9780,19514,2438,9757,2080,138,2454,143,715,261,140,39,0
9689,19044,2979,9508,2038,152,3024,226,671,346,177,56,0
9040,17797,2980,9003,1861,158,2891,232,611,289,165,52,3
11600,22977,1908,11720,2825,132,1890,74,946,237,115,22,0
9567,19098,1581,9573,1988,79,1622,57,693,158,66,14,1
9592,19364,2243,9640,2125,130,2363,131,716,240,113,33,0
11859,24061,2034,12012,3089,153,2038,85,919,249,122,21,0
8927,18158,1951,9057,1922,102,1877,86,609,209,104,20,0
9969,19981,1573,9900,2138,87,1636,58,759,186,97,10,0
10417,21031,1360,10379,2386,87,1339,45,789,150,83,6,0
10759,21245,2518,10631,2483,161,2519,162,862,312,123,38,0
11471,23141,1861,11455,2770,100,1864,72,919,239,117,13,0
10342,20827,2368,10332,2384,131,2355,135,836,296,145,25,0
11025,22049,1752,11123,2693,109,1694,68,936,205,105,13,0
8840,17510,2098,8742,1860,100,2074,123,635,208,101,23,1
10513,20520,1835,10522,2369,103,1792,85,765,195,89,19,0
10257,20040,1631,10350,2270,88,1557,59,777,191,90,14,0
9076,18581,2301,9221,1893,114,2253,141,627,245,124,21,0
9239,18518,2472,9245,2012,143,2439,142,646,235,135,25,1
11903,24117,1938,12187,3149,134,1884,76,1024,275,112,24,0
8648,17236,1637,8544,1755,64,1639,79,540,173,76,13,0
10500,21467,2302,10719,2469,142,2286,113,846,284,112,22,2
9461,19042,2315,9437,2129,106,2322,135,708,278,130,26,0
9065,18057,1561,8980,1960,82,1571,51,598,156,81,12,0
9111,18271,2735,8993,1893,175,2814,200,622,299,143,46,3
9777,19318,2561,9864,2152,141,2480,145,702,269,130,38,0
9387,19059,1717,9461,2042,79,1723,71,702,202,98,15,0
9574,19122,2585,9478,2201,127,2606,175,671,266,138,29,1
12588,25565,2121,12776,3323,166,2079,87,1158,308,132,22,1
8853,17675,2300,8832,1860,108,2235,123,587,251,126,28,0
8610,16925,1981,8448,1680,107,1874,106,560,180,103,18,1
10240,20582,1359,10237,2372,62,1417,42,818,160,66,9,0
9965,19215,1965,9918,2213,103,1833,85,702,203,102,14,0
10920,21974,2168,11096,2682,125,2152,109,861,275,141,28,0
11140,22300,1823,11221,2654,111,1901,77,919,237,131,20,0
8793,17317,2150,8636,1845,86,2111,110,624,218,105,21,0
9810,19814,2784,9897,2231,144,2763,191,751,300,188,48,1
10502,20327,2737,10352,2435,169,2606,142,769,308,149,43,2
9913,20061,2740,9891,2252,161,2840,189,776,338,144,35,1
12267,24609,1898,12284,3101,128,1869,69,1049,267,133,17,0
9123,18385,1554,9323,1864,88,1583,62,633,180,70,14,0
9461,18905,1903,9576,2069,99,1848,83,672,193,115,16,0
11143,22858,2697,11538,2844,171,2856,179,911,317,169,30,0
10962,22185,2231,11031,2680,141,2347,122,930,308,139,20,1
9183,18436,1990,9134,1990,99,2003,94,634,196,95,28,0
9665,19601,1310,9728,2174,78,1334,35,727,119,76,10,0
8667,17404,1949,8951,1934,84,1931,91,615,213,95,21,1
9592,19231,2012,9657,2171,124,2049,87,696,225,101,23,0
10094,20390,2649,10165,2320,154,2724,167,761,287,134,41,0
9384,18866,2002,9387,1992,109,1960,105,718,223,108,22,1
8600,17078,2470,8556,1729,121,2471,169,615,257,131,36,2
11169,22793,2081,11338,2776,115,2020,94,961,260,113,20,1
9277,18529,1961,9346,1978,111,2020,100,718,223,128,24,0
9983,19624,1810,9871,2178,109,1730,63,711,197,80,21,1
9707,19088,1855,9576,2116,98,1870,76,673,197,85,21,0
9125,18371,2741,9416,1923,157,2683,184,708,313,130,39,0
9343,18303,1617,9116,2030,87,1466,67,631,144,88,12,0
10720,21559,1392,10816,2520,87,1338,42,872,155,82,4,0
9695,19362,2130,9681,2199,112,2012,114,713,244,108,17,0
10286,20789,2397,10447,2299,144,2364,139,768,293,126,31,1
9327,18778,1459,9290,1945,77,1409,53,629,131,71,15,0
12381,24897,2894,12336,3139,183,2889,170,1095,369,192,45,1
9197,18496,2001,9191,1993,97,2004,103,689,226,97,22,1
9318,18938,2105,9389,2067,112,2164,111,677,216,114,24,0
7913,16214,2109,8019,1512,98,2186,132,535,204,100,26,1
8585,17301,2167,8539,1656,102,2110,139,579,249,116,36,0
10711,21348,3155,10569,2426,195,3112,233,846,377,210,54,0
8678,17715,1590,8866,1835,87,1715,72,592,160,80,18,1
9862,19607,2139,9729,2193,128,2176,126,695,230,126,22,1
12182,24395,2538,12101,3158,150,2556,143,1046,350,166,27,0
11045,22383,2158,11037,2658,129,2165,112,900,266,154,27,0
10768,21446,1671,10738,2506,122,1676,75,849,201,92,18,0
11026,21938,1346,10908,2547,77,1421,34,832,168,76,11,0
8941,17905,2356,8919,1908,129,2366,169,665,251,122,28,0
9508,19123,2811,9486,2098,147,2901,186,704,307,147,52,0
10904,21662,2581,10935,2574,154,2548,146,847,315,147,33,2
9581,19596,2017,9738,2151,119,2051,104,717,215,88,27,0
9765,19651,2332,9676,2163,131,2323,122,677,292,140,29,0
9126,18039,2237,9316,1848,137,2249,135,633,255,119,30,1
9339,18379,3099,9180,2040,143,3135,229,692,364,174,49,2
10848,21591,2311,10808,2604,148,2251,113,844,267,132,28,1
8940,17471,1960,8861,1823,92,1947,98,631,203,86,20,1
10572,20917,2034,10539,2414,134,2125,93,818,228,110,27,0
10826,22134,2241,11019,2670,121,2270,123,932,308,142,23,2
10947,21981,1985,10939,2623,122,1973,84,851,248,134,18,1
9884,19764,2125,9906,2223,138,2199,124,775,253,134,22,0
9309,18591,1981,9204,2013,119,1928,103,626,217,113,25,1
9188,18146,1815,9156,1952,97,1850,74,628,191,90,16,0
9096,18394,1602,9123,1869,88,1534,71,613,165,77,14,0
9770,19750,1825,9761,2170,102,1916,90,683,213,88,16,0
10040,20041,2545,10096,2299,162,2629,161,799,304,175,40,1
9985,20249,2387,10080,2279,135,2356,129,721,270,132,33,0
10648,21167,2112,10465,2466,116,2091,101,791,235,124,26,1
9476,18873,1597,9374,1990,84,1525,70,693,192,85,14,0
9623,19231,2140,9659,2036,123,2115,105,703,277,110,23,2
11138,22264,2283,11024,2704,138,2307,102,905,302,135,23,0
9828,19407,2286,9734,2184,121,2412,130,702,243,141,36,0
9449,18917,1404,9437,2105,79,1458,56,681,161,83,17,0
9109,18414,1848,9114,2031,82,1805,76,630,232,90,16,0
11184,22687,2608,11210,2678,149,2590,150,901,318,158,40,3
10460,20846,2526,10211,2337,142,2538,147,805,296,155,34,1
9420,19318,2712,9470,2052,159,2768,189,691,282,150,38,0
9401,18710,2198,9511,2065,128,2153,117,658,243,96,25,0
8177,16051,2419,7846,1537,102,2418,184,513,214,130,35,1
9797,19889,1917,9880,2227,110,1863,104,770,228,111,22,0
10885,20861,1972,10605,2500,103,2009,85,843,232,122,23,1
9648,19375,2609,9650,2079,133,2705,169,695,268,151,40,1
9023,17858,2808,8958,1837,155,2752,192,629,279,129,40,2
9958,20032,1714,9861,2179,101,1796,80,667,185,98,11,0
9454,19000,2768,9509,2042,143,2712,190,751,289,147,41,3
8996,18043,2070,9135,1881,116,2121,113,599,205,106,21,1
9576,18838,2094,9338,2089,98,2029,112,633,199,94,16,1
10249,20737,2875,10365,2333,187,3009,218,799,329,183,51,0
9579,19115,2443,9512,2092,135,2470,165,685,254,128,32,1
12352,24064,2714,12143,3134,169,2751,153,1050,330,159,45,0
9977,20028,1768,10033,2260,90,1748,73,763,218,93,15,0
11262,22666,2449,11346,2843,142,2540,135,914,254,144,35,0
10449,20688,2841,10326,2397,157,2824,185,855,331,170,39,1
9136,18125,2129,8971,1811,106,2186,108,635,242,93,18,1
9196,18229,2233,9089,1921,136,2220,141,640,282,114,28,0
9449,18830,3360,9408,2083,173,3459,298,700,388,184,54,2
9983,20095,1934,9946,2185,102,1868,88,792,208,104,18,0
9286,18735,1754,9508,1941,87,1840,89,679,216,89,18,1
9429,19021,2390,9258,2048,132,2405,151,662,250,145,45,0
8726,17046,1788,8505,1739,76,1758,104,561,188,86,13,0
9616,19750,1923,9805,2148,115,1934,101,708,180,111,17,0
10204,20806,2047,10423,2359,140,2109,94,759,233,104,22,3
9628,19432,2252,9549,2095,119,2240,112,701,252,107,24,0
9386,18847,2864,9369,2119,156,2914,197,687,311,146,42,1
11286,22409,2001,11004,2791,122,1976,90,852,266,108,20,1
10174,20408,1693,10281,2360,84,1642,70,722,158,80,19,0
10017,20076,2035,9915,2268,104,2045,111,748,224,124,25,0
10213,20855,1900,10316,2366,125,1944,82,795,245,112,29,1
9683,19359,2230,9724,2114,123,2137,113,686,232,143,29,1
8863,17760,2426,9128,1885,130,2443,155,609,250,110,29,2
8958,18042,2426,8984,1842,112,2392,148,593,235,117,37,1
9995,19957,1811,9964,2171,98,1757,68,755,190,75,17,0
10433,21144,1726,10396,2352,79,1665,67,751,171,105,16,1
11415,22865,2637,11740,2841,154,2735,147,917,334,157,35,0
10834,21473,2812,10898,2504,186,2796,193,870,365,175,54,1
10369,20917,2772,10623,2368,169,2839,187,805,327,181,42,1
11008,22369,2156,11154,2651,142,2154,91,920,281,116,24,1
10767,21219,2397,10452,2496,146,2413,114,753,295,139,33,2
8921,17876,2600,8834,1891,121,2639,183,630,282,125,40,1
9598,19036,2289,9358,2059,115,2345,153,697,229,127,26,1
9192,18490,3060,9122,1950,167,3098,223,647,375,183,49,1
8959,17943,2570,9096,1920,130,2586,174,652,255,139,32,0
8859,17963,2220,8889,1897,112,2251,147,592,232,123,33,0
9555,19161,1931,9560,2018,92,1883,89,704,210,98,14,0
9608,19119,2222,9732,2108,128,2184,104,722,225,99,14,4
9723,19593,2482,9902,2137,142,2410,157,727,298,134,33,0
9112,18173,2392,9218,1902,144,2425,161,613,271,126,31,1
10152,20618,2527,10359,2309,132,2567,147,756,326,156,28,0
9149,18190,2343,9265,1901,136,2450,147,646,265,114,32,0
9599,19252,2256,9675,2030,132,2296,118,713,279,129,22,2
8998,18056,1697,9039,1853,92,1646,84,610,190,99,17,0
10552,20876,2727,10268,2364,159,2689,174,803,292,164,46,0
10096,20367,2070,10076,2296,110,2089,85,778,228,112,36,0
9823,19999,2752,9934,2236,150,2711,172,780,295,152,54,4
11402,22757,2229,11287,2763,145,2403,117,967,282,145,36,0
9364,18339,2241,9354,1996,140,2282,149,662,244,122,32,0
9782,19614,1463,9819,2193,72,1532,42,780,149,83,12,0
9531,19076,1914,9449,2080,113,1868,81,695,212,114,22,0
9918,19838,2150,9934,2182,130,2199,117,723,221,115,21,0
9139,18541,1885,9036,1921,84,1819,83,672,212,98,19,0
10263,20177,2552,10108,2337,146,2552,149,791,272,114,46,2
9390,18862,2541,9433,2083,160,2625,174,678,304,120,27,0
8674,17438,1998,8863,1710,91,1919,103,535,192,110,19,0
9645,19383,2319,9790,2163,123,2301,172,703,272,135,21,2
9511,19365,1968,9563,2097,107,1810,85,682,191,104,17,0
9467,19006,1592,9453,2084,81,1592,53,677,158,85,19,0
10347,20712,2287,10316,2404,125,2215,124,792,287,128,27,0
9536,19076,1413,9466,2015,67,1431,48,704,160,75,14,0
10290,20698,2449,10452,2377,125,2388,136,817,271,127,32,1
9647,19413,2534,9702,2088,154,2622,169,693,284,144,47,0
9558,19126,1934,9533,2032,88,1873,81,663,191,104,21,0
8039,16122,2278,8086,1500,103,2324,161,507,234,99,29,1
9465,19193,2529,9405,2082,137,2567,164,707,299,132,45,1
8938,18164,1846,8887,1847,89,1816,85,612,175,114,19,0
11354,22671,2019,11388,2776,107,2014,81,959,243,124,22,1
9940,19701,2883,9919,2224,147,2897,222,786,359,168,46,1
9111,18105,2061,9031,1837,113,2119,120,625,215,128,24,0
11162,22491,2016,11524,2818,135,2083,79,968,273,118,19,0
9174,18108,2106,9160,1892,127,2108,110,646,234,118,21,1
9969,20092,1639,9945,2149,73,1640,63,717,182,89,13,0
8430,17147,1854,8373,1726,93,1952,108,552,165,95,17,1
9428,18719,2440,9435,2069,143,2415,135,680,239,127,36,0
9220,18007,2265,8953,1900,129,2288,136,650,246,124,27,0
9912,19841,2273,9971,2202,135,2360,130,735,232,121,36,0
11110,22064,1199,10949,2736,80,1235,29,817,138,87,3,0
10480,20980,2332,10564,2437,121,2213,112,795,271,136,37,3
8078,16085,1289,7865,1587,71,1308,50,511,119,63,11,1
11058,22133,1554,10831,2526,93,1516,56,847,196,94,11,1
8382,16848,2471,8292,1677,133,2457,178,561,247,117,39,0
8414,16952,1666,8517,1674,70,1644,62,574,172,76,18,0
9147,18160,2134,9075,1880,115,2056,113,668,218,112,31,0
9999,20168,2588,10068,2320,143,2492,155,750,310,152,35,0
9887,20083,1933,9840,2193,106,1949,81,765,216,109,8,1
9179,18907,1886,9269,1992,113,1920,76,671,191,107,16,0
9382,18885,1279,9455,2025,71,1348,35,662,144,66,16,0
11078,21921,2644,11081,2595,139,2606,139,936,332,168,35,2
10423,20528,1956,10397,2323,122,1886,94,789,213,116,26,0
9824,19387,2820,9991,2128,153,3015,209,706,317,166,36,2
9496,19318,2219,9531,2131,133,2163,118,697,224,117,27,0
8975,17882,3208,8903,1912,203,3203,272,643,342,167,77,1
11184,22086,1437,11068,2604,91,1358,41,886,158,72,8,0
11030,21675,3494,11028,2664,213,3470,263,861,404,182,70,3
9083,18407,1700,8952,1957,99,1648,73,627,197,86,17,0
10956,21713,2261,10708,2576,122,2339,119,888,253,150,23,2
10172,19871,3329,10172,2264,185,3504,270,777,418,205,62,0
9010,18214,1957,8944,1897,109,1940,102,646,204,110,22,0
7982,16249,1862,8053,1569,99,1886,98,534,170,88,31,0
9696,19541,2176,9681,2115,114,2153,119,739,238,131,24,0
9642,19068,2160,9592,2080,103,2156,134,702,239,108,27,1
9797,19499,2304,9683,2110,127,2362,133,722,276,112,28,1
9882,19512,1888,9927,2236,102,1922,89,706,236,101,14,1
9233,18483,2417,9187,1997,133,2445,165,676,277,123,37,0
9466,18551,1861,9280,2009,94,1827,98,686,188,96,22,0
10040,19795,2147,9864,2297,129,2247,124,757,247,115,23,1
8259,16781,1992,8423,1676,118,2084,125,573,228,75,25,1
9438,19085,1852,9668,2011,82,1839,85,703,208,121,22,0
11743,23262,3060,11691,2913,201,2930,176,970,356,189,48,3
9809,19827,1047,10015,2221,56,978,15,744,137,52,2,0
9258,18856,1813,9474,1951,109,1912,91,673,223,87,15,0
9010,18345,2357,9125,1832,116,2424,160,629,257,122,40,1
10844,21795,2878,10772,2618,173,2890,188,874,343,172,41,0
10066,20206,2234,10238,2295,127,2216,110,763,252,138,15,1
9762,19859,2339,9942,2189,149,2358,136,735,248,141,30,0
10518,20489,2451,10290,2278,144,2348,137,771,264,148,32,0
9951,20163,2402,10026,2254,119,2411,134,739,265,132,23,0
10313,20645,1701,10338,2355,92,1709,50,788,178,97,11,0
10015,19799,2411,9990,2256,118,2365,125,738,245,112,41,1
9618,19237,2754,9672,2170,166,2718,188,684,343,162,37,0
9632,19838,2166,9769,2222,125,2242,104,750,229,111,27,1
10871,21328,2583,10640,2594,131,2597,140,826,290,159,38,2
9299,18619,2128,9264,2039,106,2098,112,656,233,125,21,0
10248,20719,1623,10261,2352,87,1652,69,819,189,98,13,0
10428,20477,3183,10241,2327,160,3112,218,810,361,174,58,2
9785,19853,1832,9773,2141,92,1716,54,751,197,106,15,1
9975,20032,2137,10299,2283,122,2067,94,721,214,97,20,0
9642,19601,2168,9717,2086,112,2220,119,704,249,118,23,1
9750,19618,2417,9806,2132,144,2462,158,716,304,134,33,1
9582,19159,1823,9543,2079,86,1894,87,713,219,107,23,0
9813,19745,2147,9818,2145,115,2200,123,719,268,119,22,1
8815,17530,1526,8689,1743,73,1566,73,531,165,61,12,0
9657,19487,1278,9544,2098,72,1281,39,679,157,64,6,0
9507,18475,2269,9343,2030,116,2371,134,641,221,130,32,1
10007,20224,3099,10027,2306,185,3113,232,764,348,186,59,0
11040,21705,2116,10714,2475,119,2122,96,844,255,137,19,0
11415,22984,2188,11418,2770,120,2156,86,880,281,138,21,2
9896,19905,1959,9856,2233,119,1956,91,718,205,104,19,0
11759,23490,1447,11929,2980,115,1467,36,1057,203,84,9,0
10105,20545,1687,10287,2382,96,1599,66,766,206,88,9,0
8899,17653,2202,8911,1873,129,2260,150,663,224,116,27,0
10470,21121,2075,10381,2554,144,2067,103,861,250,139,16,0
9534,19064,2857,9405,2059,148,2815,216,683,316,158,55,1
8567,17257,2594,8661,1788,141,2679,202,595,249,120,41,0
10219,20277,2539,10107,2261,138,2486,153,795,269,150,37,0
9066,18269,2283,9000,1851,112,2233,128,581,238,87,38,2
8851,18041,2635,9002,1891,145,2667,200,594,282,125,33,0
9543,19355,1620,9594,2104,85,1543,52,726,191,89,14,0
10154,20272,2965,10106,2284,168,2906,208,820,309,183,38,1
10248,20350,2482,10255,2442,149,2584,141,765,265,140,37,0
9981,20025,1119,10004,2254,68,1227,28,739,136,69,4,0
8874,17854,2090,9000,1918,88,2079,136,611,233,101,23,0
8783,17982,2071,8985,1828,101,2085,112,628,206,105,23,0
8679,17590,2359,8764,1826,137,2382,156,624,225,122,41,1
9782,19250,2485,9622,2131,159,2636,174,694,279,152,32,0
10039,20451,2298,10291,2322,141,2380,146,779,270,136,26,0
9863,19617,2616,9767,2246,156,2613,164,737,292,135,35,1
10679,21654,1551,10745,2438,82,1489,49,849,192,92,7,0
10207,20490,2762,10272,2406,152,2623,177,745,324,139,40,0
10848,21407,2422,10639,2500,157,2432,148,859,265,144,23,0
10884,21927,1667,10903,2719,81,1672,52,864,203,92,17,0
9025,18113,2811,9027,1935,149,2823,189,630,261,158,52,5
8538,17149,2142,8582,1629,98,2040,125,579,203,102,24,0
9326,18761,2561,9395,1966,136,2551,172,657,272,149,43,1
9478,19073,1765,9372,2044,74,1778,73,659,177,97,17,0
9922,19736,2567,10034,2236,160,2678,142,771,294,143,38,2
9695,19748,2619,9938,2219,155,2572,174,715,307,161,33,1
8840,17254,2500,8521,1850,133,2462,164,600,237,145,38,0
9960,19950,2488,10158,2297,152,2499,146,763,277,113,31,3
9539,19053,2464,9487,2108,136,2464,157,739,268,123,29,1
8226,16545,1719,8425,1654,78,1787,86,525,182,73,16,0
11791,23459,2353,11706,2949,155,2424,129,926,283,139,37,0
9234,18328,2157,9163,1948,121,2038,106,638,241,131,26,2
10402,20989,2832,10670,2437,160,2867,195,814,354,137,48,1
10041,19794,2057,10048,2251,124,2046,111,728,243,116,12,1
9696,19225,2789,9550,2062,158,2759,206,694,306,135,33,0
10116,20563,2335,10250,2347,127,2365,133,767,269,140,40,0
10698,21452,1756,10567,2507,106,1828,81,815,228,120,14,0
8475,16854,1611,8440,1639,91,1584,85,573,162,73,19,0
9501,18916,2050,9459,2060,110,1953,100,684,200,89,26,0
9350,19144,3311,9413,2077,171,3274,275,748,378,182,63,1
11441,22940,1794,11567,2851,110,1720,78,971,204,126,12,0
10235,20244,1840,10364,2335,106,1709,81,770,221,97,14,0
8156,16319,1494,8262,1577,67,1596,78,532,131,69,12,0
9237,18703,2259,9351,1954,124,2319,135,653,246,113,38,0
9960,19434,2197,9924,2176,122,2196,127,695,246,120,28,1
11284,23076,2640,11473,2922,185,2731,146,948,298,147,33,0
10323,21036,1702,10355,2433,75,1704,59,837,190,89,10,0
10884,21986,2141,10805,2617,131,2176,115,879,252,109,15,1
10822,21851,2819,10867,2617,156,2746,171,806,315,150,37,2
9932,19913,2727,9947,2258,148,2701,182,749,335,172,44,1
10370,20952,2518,10447,2372,142,2525,162,775,318,147,25,0
10568,21311,2062,10692,2450,135,2187,103,833,266,118,31,0
9017,17687,2627,8975,1918,133,2494,165,592,237,128,31,1
9739,19562,1793,9760,2171,120,1913,86,750,208,105,17,0
9606,19108,1992,9732,2103,107,2030,98,666,250,115,24,1
10618,21147,1965,10693,2483,123,1984,90,843,219,116,19,0
8954,18338,3140,9034,1857,154,3057,245,644,329,166,56,1
9794,19432,2325,9836,2195,126,2338,113,718,277,114,29,0
10707,21332,1656,10740,2522,108,1704,64,834,191,85,9,0
9413,18418,1805,9274,1959,116,1809,84,621,188,93,21,1
9930,20024,2250,9746,2289,110,2140,112,718,251,115,34,0
8651,17726,1877,8850,1877,91,1855,79,612,172,84,17,0
9257,18652,2115,9318,2055,119,2185,116,697,247,124,30,0
9329,19011,2428,9379,1959,127,2455,144,630,260,120,26,0
9536,18997,1649,9555,2052,72,1618,64,675,155,73,15,0
10083,20313,2135,10095,2281,113,2100,106,726,235,129,13,0
9988,19906,2489,10220,2304,120,2476,143,750,301,146,36,1
8488,16764,3077,8230,1648,155,3192,262,556,336,161,58,0
10259,20730,2550,10162,2388,119,2550,161,759,280,148,30,0
9730,19574,2669,9722,2162,138,2657,167,779,285,149,28,1
9362,18637,1534,9423,1930,80,1596,54,678,154,91,10,0
8871,17528,1509,8844,1849,89,1550,53,641,175,70,12,0
9812,19935,1878,9898,2243,100,1930,91,684,219,95,19,0
10687,21382,2093,10544,2502,113,2159,95,852,252,100,27,2
10012,20069,1332,10113,2155,75,1331,38,764,132,80,10,0
9827,19632,3232,9838,2224,191,3183,236,731,349,165,56,2
10416,20817,2142,10430,2343,110,2091,94,859,240,100,28,0
9679,19130,2065,9588,2047,109,2024,97,692,207,120,26,0
9386,18898,2145,9477,2120,125,2114,105,670,244,123,43,0
10543,21179,2296,10511,2559,114,2303,120,782,265,139,30,0
10409,20908,2135,10665,2522,130,2125,100,793,224,117,15,0
9172,18418,1954,9080,1927,105,1921,108,643,222,116,19,0
9312,18601,2145,9335,2041,124,2066,121,672,241,109,29,0
10415,20789,1411,10235,2399,85,1333,42,771,155,79,10,0
8275,16499,2307,8282,1587,106,2315,153,531,251,96,25,0
10366,20880,1837,10434,2397,88,1718,72,836,225,105,28,1
9308,18805,1280,9287,1938,76,1317,41,674,106,68,9,0
9619,19451,1281,9612,2137,62,1328,41,709,116,68,10,0
9372,18820,1689,9434,1989,99,1771,67,673,183,85,12,0
9559,18793,2782,9569,1999,151,2868,201,654,329,160,38,1
9481,19120,2141,9621,2087,135,2151,98,703,214,119,27,0
9227,18862,2756,9474,1975,153,2607,195,625,294,151,40,1
9955,19699,2332,9875,2207,130,2385,125,764,275,130,33,1
9459,18883,1896,9320,2004,115,1860,88,684,195,106,17,1
9767,19687,1761,9931,2166,86,1798,66,712,184,89,16,0
9255,18700,2137,9494,2015,106,2105,120,702,222,120,31,2
8592,17134,2624,8512,1736,119,2850,203,597,301,138,52,1
8774,17488,1625,8894,1816,89,1621,84,664,187,67,17,0
10793,21661,1835,10554,2445,115,1863,75,818,214,121,13,0
9334,18985,3102,9365,1968,187,3147,248,679,348,153,51,1
9377,18680,1401,9272,2019,89,1430,37,654,151,78,6,0
10288,20589,1866,10178,2395,106,1823,75,799,177,106,25,1
9538,19071,1847,9662,2138,96,1870,83,764,209,118,19,0
9313,18301,1127,9299,1899,68,1171,20,607,107,71,5,0
9567,18874,3153,9591,2045,176,3161,217,682,347,152,68,2
10303,20440,2016,10343,2368,112,2150,94,792,251,114,22,0
10042,20194,2175,9922,2297,133,2264,126,803,251,119,22,0
10860,22099,3197,10975,2604,212,3227,216,904,410,206,59,2
8943,17644,2390,9047,1802,116,2373,143,670,262,117,26,1
11575,23547,2612,11694,2880,158,2663,163,914,348,181,45,0
9637,19418,1945,9705,2175,108,1867,86,695,214,111,20,1
10360,20000,1438,10250,2292,84,1555,55,780,168,90,8,0
9939,20098,1471,9879,2313,97,1444,41,734,164,87,11,0
10275,20582,2515,10224,2262,130,2532,143,758,282,123,32,2
10101,20304,2035,10187,2223,126,2050,99,776,223,118,34,2
10869,21703,2901,10836,2659,165,2793,186,830,342,169,35,1
10110,20048,1492,10051,2223,81,1462,46,788,179,73,12,0
9743,19444,1885,9814,2027,110,1875,79,716,193,106,19,0
9124,18422,1842,9338,2001,106,1838,94,676,195,93,19,0
9081,18510,2250,9084,1958,136,2277,140,654,245,110,25,0
9276,18812,2618,9590,1984,140,2575,190,638,282,147,41,0
8646,17328,2810,8543,1747,155,2962,226,563,338,134,58,0
9694,19411,2484,9664,2109,132,2499,144,731,273,114,27,2
9779,19697,2306,9994,2225,129,2349,137,812,269,136,26,1
9356,19012,2020,9594,1994,128,1979,104,698,217,122,24,1
8904,18143,1703,9064,1945,87,1683,91,613,184,96,21,0
9546,18657,1473,9311,1980,79,1463,51,700,132,79,9,0
9517,18893,1666,9432,2092,88,1725,78,711,170,91,16,0
10120,20309,2380,10106,2338,121,2362,157,771,232,139,31,0
10410,20708,2919,10381,2360,158,2778,181,818,329,162,54,2
9479,18709,1083,9500,2037,53,1204,30,630,118,75,6,0
10581,20628,2893,10412,2397,176,2830,182,822,310,154,46,1
10038,20213,2538,10103,2227,155,2631,167,769,301,171,38,3
8784,17326,2612,8574,1752,133,2659,199,592,276,150,43,0
10317,20849,2289,10377,2363,121,2247,124,753,257,117,20,0
9774,19574,2108,9709,2231,115,2056,100,711,216,106,25,1
10076,19942,2224,10036,2253,144,2206,135,717,268,117,24,1
10465,21263,2574,10809,2529,140,2545,141,851,305,148,43,1
10325,20789,1284,10383,2342,70,1353,40,775,141,83,6,0
9055,18340,2835,8899,1931,149,2823,199,592,322,140,39,1
10165,20410,2214,10266,2307,131,2167,112,768,290,141,30,0
10160,20185,2538,9825,2318,147,2475,153,712,267,137,30,1
9728,19592,2173,9743,2256,135,2115,121,728,282,128,22,1
8148,16256,1616,8267,1563,70,1579,72,569,165,74,22,0
8401,16774,1744,8315,1672,82,1793,104,622,171,80,10,0
10181,20495,2217,10294,2339,106,2260,121,779,235,116,23,0
9546,19222,1884,9386,2089,108,1872,95,674,197,103,23,0
10260,20535,1827,10377,2462,113,1805,75,734,195,109,11,1
10912,21656,2576,10896,2629,159,2536,146,890,313,163,38,1
9186,18879,1916,9334,2009,95,2025,103,674,235,104,18,0
10044,20127,2919,10250,2380,148,2942,201,749,351,181,53,1
9634,19671,2510,9711,2152,141,2498,149,712,258,129,37,1
9418,18661,2433,9419,2045,141,2440,159,679,243,133,24,2
12016,24074,2254,12209,2967,148,2209,92,1055,268,140,27,0
9199,18535,1667,9045,1944,85,1749,73,648,164,85,14,0
10481,21224,1214,10540,2471,84,1231,33,810,146,71,10,0
10191,20084,2244,9877,2235,112,2224,109,736,249,110,27,0
10719,21003,1625,10465,2407,95,1636,66,810,190,98,12,0
9462,18886,2085,9209,2011,130,2209,124,670,222,122,23,0
10495,21439,1900,10799,2531,104,1806,80,811,218,98,21,0
9716,19392,2299,9908,2100,136,2295,133,698,254,129,31,1
9898,19988,3054,9964,2244,158,3069,246,738,360,162,57,1
8826,17170,2561,8633,1774,125,2648,202,607,272,141,44,1
9306,18335,2429,9256,2019,136,2386,144,660,277,136,22,0
9156,18404,1758,9293,1978,100,1835,90,659,193,104,26,1
9512,19088,3409,9584,2072,195,3187,269,726,366,165,47,2
11362,22825,2526,11611,2859,165,2511,134,965,288,159,20,0
8969,17950,1835,9081,1869,80,1770,102,609,194,101,16,0
9510,18875,2286,9512,2018,123,2293,137,690,241,127,25,2
9392,19186,2347,9489,2086,128,2333,120,701,239,115,35,2
9770,19925,2208,9674,2197,119,2222,108,762,222,113,21,0
9464,18955,1910,9596,2140,99,1849,87,687,208,95,14,0
9874,19902,1898,9956,2188,108,1884,83,802,215,105,16,0
9475,18943,1879,9426,2071,97,1848,100,655,215,98,17,2
10345,20670,1997,10349,2363,89,1963,79,807,226,124,17,1
10021,20397,1923,10087,2360,101,1897,106,785,218,109,22,0
10057,19883,1857,9909,2245,119,1936,90,778,212,102,16,1
8466,16302,1589,8257,1621,80,1575,84,548,155,66,17,0
10043,20026,2221,10008,2245,133,2202,125,780,244,133,27,2
9768,19221,2048,9898,2096,124,2025,94,736,233,89,27,1
8337,16698,1930,8419,1603,93,1842,99,540,199,95,26,1
9918,19248,2106,9945,2102,109,2019,93,681,216,108,20,0
8460,16901,2050,8371,1791,76,2063,117,572,218,101,19,0
10103,20000,1917,10130,2220,102,1835,85,720,236,107,22,0
9018,18051,2136,9129,1895,113,2094,120,623,241,111,30,0
10331,20589,2090,10310,2347,113,2141,105,778,228,100,25,0
8384,17179,1944,8457,1745,95,1956,91,559,194,87,21,1
9067,18198,2423,9011,1879,102,2387,147,614,246,113,31,1
9093,18149,1553,8968,1921,84,1572,56,613,158,84,11,0
9173,18279,2010,9173,1845,107,2052,93,625,202,89,20,0
11298,22432,2360,11084,2657,144,2251,119,923,270,168,35,0
10483,20462,1978,10507,2348,113,1861,88,793,232,100,12,0
9662,19221,2499,9583,2159,159,2612,163,720,264,173,42,1
7962,15817,1099,7767,1465,43,997,31,497,95,45,7,0
10001,20121,2169,10127,2396,143,2241,116,758,248,113,24,0
9909,19913,2670,9817,2119,119,2670,160,741,301,147,39,1
11452,22851,2163,11414,2815,124,2258,105,995,256,118,24,0
8938,17790,2390,8868,1812,108,2333,155,557,283,144,28,2
9948,19782,2530,10081,2268,113,2514,148,666,287,128,33,0
10955,21659,3694,10964,2469,223,3568,303,883,431,201,59,0
9576,19234,3598,9557,2098,213,3700,312,728,389,198,75,5
8403,16564,2008,8213,1634,108,1970,126,523,202,95,20,0
8552,16380,2063,8209,1648,89,2080,117,556,206,104,18,1
8877,17492,2719,8716,1824,169,2833,208,614,291,139,49,1
11066,22059,2465,11012,2608,138,2539,133,937,325,110,25,1
12055,23933,2272,12090,2989,135,2199,107,1041,284,147,17,0
9123,18020,1698,9173,1887,91,1659,76,697,183,90,26,0
9916,19994,3213,9831,2221,185,3167,241,727,353,153,58,1
10561,20951,2115,10718,2455,112,2122,94,797,228,116,26,0
9645,19539,1598,9658,2112,78,1611,62,685,187,77,14,0
10315,20963,1537,10427,2416,87,1493,51,840,177,76,12,0
10756,21457,1870,10778,2580,118,1859,73,860,207,96,20,0
9313,18585,1944,9241,2055,115,1980,108,632,215,105,25,1
10558,21062,2240,10441,2505,132,2299,103,817,249,128,23,1
10734,21382,1945,10609,2392,119,1960,104,870,224,132,22,0
8867,17950,2601,8885,1893,133,2677,188,673,311,141,41,0
9529,19034,1812,9575,2128,100,1727,71,686,181,87,16,1
9589,19172,2205,9788,2147,124,2212,126,721,238,100,24,0
9865,19679,3227,9798,2225,201,3185,239,728,359,163,65,1
11874,23943,2339,12231,3165,184,2389,103,1045,293,134,30,0
8788,17757,2609,8837,1912,163,2699,186,648,276,145,43,2
10322,20890,1952,10231,2456,118,1962,100,832,218,112,19,0
9268,18641,2017,9372,1974,109,2013,98,627,212,106,9,0
10172,20269,2264,10165,2190,111,2182,103,810,255,139,26,2
8998,17617,1979,8884,1836,115,1929,100,609,204,112,13,0
9571,19033,1987,9416,2049,116,2019,97,640,213,108,22,1
9363,18783,2858,9360,2025,149,2877,196,690,334,142,37,1
9687,19242,2816,9527,2154,168,2958,206,660,338,162,54,0
9739,19689,2165,9703,2225,123,2152,117,749,241,116,29,1
9287,18558,2330,9547,2044,111,2324,114,678,225,123,41,0
9042,17999,1966,8924,1959,97,1989,105,627,202,114,22,0
11299,22656,2396,11474,2710,162,2529,134,907,325,148,33,0
10723,21426,2483,10652,2411,148,2539,154,820,347,158,33,1
9703,19214,2431,9649,2081,131,2477,158,746,293,130,29,0
9347,18731,1826,9337,2034,102,1901,83,673,175,88,28,0
8704,17640,1633,8785,1762,77,1678,75,580,179,81,18,0
9060,18072,3118,9009,1932,175,3049,224,612,326,158,56,1
8687,17286,1809,8938,1721,102,1816,85,577,181,96,19,0
10244,20439,2547,10156,2299,157,2516,147,799,280,169,26,1
10469,20968,2263,10380,2431,137,2191,125,785,274,133,32,0
9234,18047,1530,9069,1909,76,1495,67,631,191,79,8,0
9221,18334,1856,9084,1939,106,1871,95,622,199,100,19,0
10209,20013,1948,10045,2250,118,1901,78,769,213,114,22,0
10423,20737,2114,10386,2335,116,2063,108,777,228,115,25,0
10109,20169,1817,10188,2275,98,1785,90,757,213,80,20,0
9230,18924,2114,9565,2049,118,2123,120,666,244,122,29,1
9582,18934,2116,9544,2083,112,2230,108,698,232,109,33,0
9679,19148,1875,9631,2058,109,1906,92,724,227,100,19,0
9197,18644,1994,9230,1982,98,1936,89,649,210,121,21,0
9545,19211,2927,9490,2116,143,2870,200,702,327,157,38,1
9776,19645,1506,9871,2211,91,1442,49,710,166,76,12,0
10766,21451,1996,11261,2607,139,1954,82,893,224,95,23,1
10182,20320,2329,10065,2254,139,2399,115,798,295,141,27,3
10369,20832,2225,10355,2375,132,2258,119,776,263,130,21,0
9223,18154,2293,9195,2042,120,2283,130,661,269,118,25,2
9159,18392,1214,9184,1962,72,1312,39,636,132,59,9,0
10519,21176,2858,10690,2594,191,2833,186,857,352,164,42,2
9952,19559,1544,9861,2177,96,1435,51,716,170,67,16,0
9181,18486,1580,9310,2000,70,1595,62,674,177,78,9,0
10321,20765,1782,10330,2351,99,1869,85,809,210,104,16,0
10464,20870,2427,10480,2341,139,2361,130,797,269,135,20,0
10197,20486,2037,10359,2288,110,2095,102,778,250,125,26,0
9019,18125,2306,8786,1809,129,2405,165,612,231,107,42,1
10572,21261,2246,10535,2464,136,2195,128,799,256,143,27,0
9657,19122,1430,9756,2096,65,1490,41,685,163,107,9,0
10492,21079,2908,10434,2536,194,2826,167,836,347,179,49,0
10245,20617,2239,10373,2396,125,2241,115,783,261,132,20,1
10091,19823,1648,9848,2174,78,1662,60,745,185,78,10,1
9443,18922,2277,9283,1912,109,2273,130,696,232,118,33,0
9513,18994,1323,9339,2051,49,1276,39,682,110,87,10,0
9094,18222,1820,8941,1948,87,1772,90,582,185,110,26,1
9889,19328,2021,9849,2165,115,2083,98,706,231,111,22,1
8287,16100,1735,8003,1555,97,1754,87,479,169,82,18,0
9264,18590,2186,9352,1970,112,2136,119,650,215,93,21,0
11156,22889,1558,11470,2831,95,1585,55,932,205,108,14,0
9776,19914,2863,9946,2231,166,2893,199,729,352,171,54,2
12387,25550,1806,12932,3373,111,1772,62,1140,248,127,20,0
8616,17258,2263,8506,1749,134,2355,150,598,253,133,31,0
10004,20009,1733,9872,2199,101,1757,80,763,190,95,8,0
9341,18880,2368,9436,2015,108,2239,131,659,248,112,17,0
9230,18562,2047,9325,1946,104,2025,109,664,218,102,14,1
9352,18812,2174,9375,1990,116,2113,125,656,253,116,25,0
9558,19022,2180,9614,2058,104,2127,108,683,240,99,24,0
9314,18424,1870,9191,1934,96,1864,77,646,211,79,19,1
10801,21583,2305,10722,2558,128,2266,113,825,262,132,24,0
9206,18369,2424,9156,1934,122,2414,154,649,246,111,30,0
8877,17245,2215,8776,1786,127,2168,140,594,223,101,26,1
8714,17267,2426,8699,1780,139,2550,166,548,266,130,35,1
9626,19202,2055,9534,2179,122,2019,113,725,200,103,20,1
9999,20049,2070,9865,2171,111,2039,111,749,243,109,19,0
10362,20702,1725,10255,2325,103,1793,80,754,205,112,14,0
9961,19936,2304,9917,2279,121,2302,140,778,258,145,37,0
8726,17583,1693,8633,1751,91,1659,63,611,172,86,12,0
9565,19013,2276,9313,2097,124,2133,120,650,215,102,30,0
9115,18480,2150,9197,1929,110,2108,120,657,202,104,26,0
9025,17562,2072,8921,1836,112,2137,112,623,204,86,22,2
9193,18550,2079,9274,1816,102,2149,128,663,230,116,30,1
9716,19618,2462,9743,2227,125,2538,153,787,296,130,35,1
9491,19236,2526,9543,2032,157,2462,145,657,269,122,27,1
10487,21196,2080,10572,2517,105,2088,112,851,261,131,23,0
11109,22515,2025,11239,2740,152,2001,91,894,234,128,28,1
9308,18425,2496,9191,2019,154,2527,184,643,287,154,42,0
9482,18740,2572,9364,2083,155,2566,167,659,257,139,29,0
9676,19181,2243,9653,2091,128,2338,133,669,258,95,33,0
10334,20823,2802,10407,2476,153,2888,170,786,345,170,43,4
8527,16555,2279,8215,1680,109,2313,147,557,238,113,29,1
9262,18505,2289,9237,2046,115,2281,134,673,251,117,28,0
10814,21373,1149,10623,2435,69,1320,21,791,136,73,2,0
9385,19008,2490,9479,1999,125,2427,141,660,274,126,33,2
9075,18372,2080,9195,1867,114,2160,120,616,234,110,32,1
10269,20692,1996,10412,2372,110,1881,74,781,216,103,16,1
9413,18618,2494,9433,2004,121,2392,146,708,256,134,30,2
11160,22132,2175,11125,2618,117,2168,88,875,227,141,20,0
9742,19008,1861,9589,2019,102,1887,94,668,200,79,19,0
8336,16489,1252,8167,1588,63,1173,35,547,125,61,8,0
9828,19444,1409,9644,2139,86,1463,49,712,164,68,9,0
10289,20463,1153,10276,2319,58,1232,35,727,133,70,8,0
7512,15195,1386,7888,1425,60,1497,63,465,115,77,8,0
10565,20997,3007,10366,2465,158,2939,186,790,352,165,57,0
10839,21712,1991,10786,2636,108,2064,86,880,239,117,23,0
10218,20522,1948,10236,2395,129,1896,87,778,219,111,28,0
9302,18885,1719,9316,2106,101,1703,75,676,170,89,19,1
9332,18594,1966,9507,1905,105,2054,96,705,213,109,30,0
10996,22293,2510,11049,2614,142,2441,129,881,304,131,27,0
10687,21490,2639,10840,2520,142,2641,137,853,308,150,35,0
8785,17500,2135,8874,1773,120,2280,136,606,235,123,32,1
9845,19950,1349,9827,2121,65,1311,39,727,149,63,2,0
9174,18199,2277,9255,2015,130,2291,129,640,261,126,29,1
11243,22912,1926,11412,2755,119,1856,73,911,231,113,22,1
10196,20325,2569,10147,2408,131,2513,146,773,279,121,42,1
9321,18742,2017,9491,1955,91,2026,107,693,218,101,20,0
9474,18674,2558,9143,1990,126,2627,178,684,280,140,32,2
8496,17323,1943,8687,1701,90,1927,111,575,161,102,18,0
9990,19573,2420,9747,2130,128,2302,133,731,277,136,31,0
9420,18590,2676,9309,2101,150,2797,192,654,281,161,43,1
9753,19627,1985,9736,2197,127,2045,113,749,250,117,26,0
10413,20893,1530,10338,2403,79,1552,46,790,152,90,8,1
11457,22913,2482,11465,2789,163,2484,130,925,320,141,41,0
